batch_id,test_date,dissolution,assay,hardness,friability,disintegration,uniformity,result
PARA-24-0001,2024-01-01,95.6,100.2,89.5,0.09,6.9,1.19,pass
PARA-24-0002,2024-01-01,98.2,97.4,84.8,0.26,8.9,1.59,pass
PARA-24-0003,2024-01-01,94.7,100.8,92.0,0.24,7.2,1.25,pass
PARA-24-0004,2024-01-01,97.4,99.5,83.4,0.21,8.4,1.24,pass
PARA-24-0005,2024-01-01,94.8,99.8,90.5,0.21,9.8,1.2,pass
PARA-24-0006,2024-01-01,96.1,98.9,94.6,0.22,9.3,1.28,pass
PARA-24-0007,2024-01-01,94.7,99.3,85.1,0.26,8.6,1.79,pass
PARA-24-0008,2024-01-01,89.1,98.1,79.3,0.32,7.3,0.99,pass
PARA-24-0009,2024-01-01,90.8,99.1,82.5,0.43,9.6,1.51,pass
PARA-24-0010,2024-01-01,95.1,98.4,81.3,0.18,8.1,1.37,pass
PARA-24-0011,2024-01-02,91.8,98.1,73.5,0.45,7.6,1.56,pass
PARA-24-0012,2024-01-02,95.9,99.9,89.9,0.31,8.6,1.33,pass
PARA-24-0013,2024-01-02,93.1,97.7,90.1,0.45,7.4,1.63,pass
PARA-24-0014,2024-01-02,92.0,99.9,78.8,0.46,7.5,1.74,pass
PARA-24-0015,2024-01-02,94.4,97.7,85.2,0.48,9.8,1.49,pass
PARA-24-0016,2024-01-02,97.3,98.5,89.7,0.53,9.8,1.35,pass
PARA-24-0017,2024-01-02,95.7,100.6,78.6,0.42,7.0,1.4,pass
PARA-24-0018,2024-01-02,92.1,100.1,100.3,0.35,7.9,1.87,pass
PARA-24-0019,2024-01-02,104.3,100.0,81.5,0.18,11.0,1.56,pass
PARA-24-0020,2024-01-02,92.5,99.5,81.1,0.27,9.8,1.88,pass
PARA-24-0021,2024-01-03,93.3,98.4,90.1,0.17,7.7,1.91,pass
PARA-24-0022,2024-01-03,98.7,100.4,94.4,0.4,8.7,1.6,pass
PARA-24-0023,2024-01-03,96.6,99.4,85.9,0.37,6.7,1.47,pass
PARA-24-0024,2024-01-03,94.3,98.2,84.7,0.33,9.2,2.17,pass
PARA-24-0025,2024-01-03,94.9,99.1,84.0,0.11,9.5,1.12,pass
PARA-24-0026,2024-01-03,95.8,99.4,85.1,0.29,9.2,1.64,pass
PARA-24-0027,2024-01-03,96.1,102.0,82.7,0.41,9.0,1.61,pass
PARA-24-0028,2024-01-03,97.4,99.2,80.1,0.22,7.9,1.37,pass
PARA-24-0029,2024-01-03,95.0,98.7,92.8,0.18,8.9,1.75,pass
PARA-24-0030,2024-01-03,91.1,99.5,87.9,0.27,8.5,1.33,pass
PARA-24-0031,2024-01-04,88.8,100.5,93.6,0.4,10.1,1.07,pass
PARA-24-0032,2024-01-04,91.8,97.6,83.8,0.4,12.5,1.76,pass
PARA-24-0033,2024-01-04,96.7,99.9,84.6,0.2,7.4,1.33,pass
PARA-24-0034,2024-01-04,92.9,99.6,93.4,0.33,10.8,0.81,pass
PARA-24-0035,2024-01-04,99.6,100.6,87.9,0.37,9.5,1.57,pass
PARA-24-0036,2024-01-04,93.2,100.4,87.6,0.15,5.7,1.32,pass
PARA-24-0037,2024-01-04,99.4,98.8,84.4,0.4,7.7,1.37,pass
PARA-24-0038,2024-01-04,93.8,98.4,84.7,0.42,5.1,1.88,pass
PARA-24-0039,2024-01-04,86.7,97.9,96.0,0.35,10.1,1.99,pass
PARA-24-0040,2024-01-04,98.6,97.4,92.0,0.35,8.3,2.29,pass
PARA-24-0041,2024-01-05,97.0,99.2,83.4,0.22,8.2,1.83,pass
PARA-24-0042,2024-01-05,96.0,98.0,98.6,0.21,9.7,1.74,pass
PARA-24-0043,2024-01-05,94.2,98.6,84.4,0.37,8.9,1.5,pass
PARA-24-0044,2024-01-05,91.7,98.2,80.4,0.41,8.8,1.93,pass
PARA-24-0045,2024-01-05,97.7,98.7,88.0,0.32,5.5,1.61,pass
PARA-24-0046,2024-01-05,92.5,98.2,84.5,0.17,10.5,1.83,pass
PARA-24-0047,2024-01-05,95.5,99.9,87.8,0.07,7.4,1.85,pass
PARA-24-0048,2024-01-05,94.7,98.7,86.5,0.35,7.3,1.03,pass
PARA-24-0049,2024-01-05,98.2,99.9,88.1,0.51,6.3,1.71,pass
PARA-24-0050,2024-01-05,95.9,97.4,87.6,0.36,11.4,1.25,pass
PARA-24-0051,2024-01-06,90.6,98.1,88.7,0.34,9.0,1.46,pass
PARA-24-0052,2024-01-06,91.3,99.0,89.5,0.37,9.2,1.21,pass
PARA-24-0053,2024-01-06,88.2,98.9,95.0,0.42,7.9,1.34,pass
PARA-24-0054,2024-01-06,91.9,99.9,92.1,0.22,3.8,2.05,pass
PARA-24-0055,2024-01-06,99.4,98.1,90.6,0.55,10.2,1.44,pass
PARA-24-0056,2024-01-06,97.1,99.8,87.6,0.14,7.1,1.94,pass
PARA-24-0057,2024-01-06,98.0,97.8,92.0,0.24,8.8,1.9,pass
PARA-24-0058,2024-01-06,94.3,99.9,78.0,0.05,5.0,0.89,pass
PARA-24-0059,2024-01-06,90.4,99.0,94.5,0.34,6.6,1.77,pass
PARA-24-0060,2024-01-06,91.0,98.4,87.2,0.38,8.9,1.29,pass
PARA-24-0061,2024-01-07,98.1,97.5,88.8,0.3,9.8,1.85,pass
PARA-24-0062,2024-01-07,96.5,100.6,84.3,0.37,8.0,2.07,pass
PARA-24-0063,2024-01-07,94.1,98.2,88.3,0.27,8.4,1.37,pass
PARA-24-0064,2024-01-07,98.3,97.8,81.1,0.18,6.6,1.42,pass
PARA-24-0065,2024-01-07,96.1,97.3,94.6,0.44,9.8,1.37,pass
PARA-24-0066,2024-01-07,102.9,98.3,92.7,0.42,9.5,1.52,pass
PARA-24-0067,2024-01-07,91.2,97.8,90.0,0.16,10.7,1.25,pass
PARA-24-0068,2024-01-07,92.0,97.7,75.6,0.26,8.8,0.74,pass
PARA-24-0069,2024-01-07,94.5,99.6,91.3,0.24,9.1,1.82,pass
PARA-24-0070,2024-01-07,92.7,99.7,90.6,0.28,6.7,1.38,pass
PARA-24-0071,2024-01-08,92.7,100.4,91.5,0.35,7.7,1.59,pass
PARA-24-0072,2024-01-08,98.8,98.4,83.9,0.2,6.3,1.38,pass
PARA-24-0073,2024-01-08,95.6,98.1,81.5,0.36,10.2,1.65,pass
PARA-24-0074,2024-01-08,91.8,99.6,89.1,0.34,8.4,1.76,pass
PARA-24-0075,2024-01-08,93.6,99.5,85.5,0.18,11.7,1.49,pass
PARA-24-0076,2024-01-08,95.4,99.0,93.0,0.21,10.3,1.27,pass
PARA-24-0077,2024-01-08,89.5,97.3,90.0,0.22,12.2,1.14,pass
PARA-24-0078,2024-01-08,92.2,99.8,81.7,0.52,8.8,1.24,pass
PARA-24-0079,2024-01-08,96.1,98.0,87.2,0.36,8.8,1.84,pass
PARA-24-0080,2024-01-08,96.7,98.8,87.7,0.27,8.7,1.51,pass
PARA-24-0081,2024-01-09,92.5,97.5,91.7,0.22,10.0,1.73,pass
PARA-24-0082,2024-01-09,92.6,96.4,86.0,0.16,11.1,1.32,pass
PARA-24-0083,2024-01-09,96.9,99.9,76.3,0.34,11.4,1.68,pass
PARA-24-0084,2024-01-09,91.3,98.5,95.1,0.38,5.8,1.77,pass
PARA-24-0085,2024-01-09,94.5,99.1,79.4,0.19,6.2,1.18,pass
PARA-24-0086,2024-01-09,95.1,97.7,97.8,0.26,8.9,1.44,pass
PARA-24-0087,2024-01-09,95.6,98.2,94.1,0.39,6.1,1.61,pass
PARA-24-0088,2024-01-09,93.2,98.0,79.5,0.29,5.2,1.84,pass
PARA-24-0089,2024-01-09,87.7,98.3,84.4,0.42,11.1,1.23,pass
PARA-24-0090,2024-01-09,94.6,98.0,85.7,0.26,7.0,1.45,pass
PARA-24-0091,2024-01-10,99.0,99.0,81.2,0.24,6.9,1.97,pass
PARA-24-0092,2024-01-10,97.3,98.5,79.0,0.38,6.8,1.49,pass
PARA-24-0093,2024-01-10,96.0,100.9,81.4,0.36,9.2,0.94,pass
PARA-24-0094,2024-01-10,99.1,97.1,86.4,0.3,6.4,1.42,pass
PARA-24-0095,2024-01-10,96.2,99.2,92.2,0.19,7.5,1.64,pass
PARA-24-0096,2024-01-10,94.2,98.6,90.9,0.15,7.1,1.8,pass
PARA-24-0097,2024-01-10,93.1,98.4,85.9,0.23,6.9,1.7,pass
PARA-24-0098,2024-01-10,94.7,99.0,87.2,0.37,7.9,1.18,pass
PARA-24-0099,2024-01-10,95.9,98.5,90.2,0.1,6.2,1.57,pass
PARA-24-0100,2024-01-10,93.7,100.2,84.6,0.42,10.2,1.0,pass
PARA-24-0101,2024-01-11,97.4,100.0,84.0,0.51,8.7,1.55,pass
PARA-24-0102,2024-01-11,98.5,99.1,91.4,0.33,5.8,1.72,pass
PARA-24-0103,2024-01-11,98.2,98.3,87.5,0.2,4.6,1.59,pass
PARA-24-0104,2024-01-11,93.6,99.5,83.9,0.14,7.4,1.82,pass
PARA-24-0105,2024-01-11,92.0,98.9,84.2,0.3,10.1,1.06,pass
PARA-24-0106,2024-01-11,93.6,98.6,81.4,0.29,10.1,2.16,pass
PARA-24-0107,2024-01-11,90.8,96.8,90.6,0.19,7.1,1.66,pass
PARA-24-0108,2024-01-11,93.9,99.0,76.9,0.32,9.2,2.13,pass
PARA-24-0109,2024-01-11,92.8,99.9,76.0,0.31,9.8,1.47,pass
PARA-24-0110,2024-01-11,94.0,97.8,88.9,0.13,7.8,1.87,pass
PARA-24-0111,2024-01-12,97.0,100.3,80.1,0.41,9.2,1.19,pass
PARA-24-0112,2024-01-12,90.3,100.5,79.6,0.29,9.6,1.24,pass
PARA-24-0113,2024-01-12,90.9,99.2,85.8,0.3,8.4,1.6,pass
PARA-24-0114,2024-01-12,93.7,98.5,85.8,0.39,7.8,1.35,pass
PARA-24-0115,2024-01-12,95.7,100.8,91.7,0.19,6.6,1.53,pass
PARA-24-0116,2024-01-12,98.0,100.6,87.0,0.3,6.9,1.42,pass
PARA-24-0117,2024-01-12,94.4,98.8,84.0,0.29,7.9,1.69,pass
PARA-24-0118,2024-01-12,98.9,98.6,91.4,0.29,7.4,1.07,pass
PARA-24-0119,2024-01-12,94.7,99.4,81.3,0.4,8.8,1.36,pass
PARA-24-0120,2024-01-12,97.0,97.8,89.8,0.12,9.2,1.9,pass
PARA-24-0121,2024-01-13,94.6,100.6,93.1,0.39,6.8,1.38,pass
PARA-24-0122,2024-01-13,93.9,99.3,87.6,0.49,5.9,1.49,pass
PARA-24-0123,2024-01-13,95.8,99.4,89.4,0.32,11.4,1.63,pass
PARA-24-0124,2024-01-13,93.5,99.0,83.3,0.31,5.0,1.16,pass
PARA-24-0125,2024-01-13,99.1,98.0,86.2,0.2,7.6,1.57,pass
PARA-24-0126,2024-01-13,92.9,98.9,83.5,0.13,6.0,1.77,pass
PARA-24-0127,2024-01-13,94.7,97.3,96.9,0.26,9.5,1.75,pass
PARA-24-0128,2024-01-13,95.7,101.0,86.3,0.5,6.9,1.61,pass
PARA-24-0129,2024-01-13,93.7,97.3,93.6,0.28,10.9,1.52,pass
PARA-24-0130,2024-01-13,94.0,98.2,79.9,0.34,7.1,1.31,pass
PARA-24-0131,2024-01-14,96.9,98.2,94.5,0.36,6.6,1.04,pass
PARA-24-0132,2024-01-14,90.5,99.9,78.9,0.31,6.6,1.42,pass
PARA-24-0133,2024-01-14,94.0,99.9,88.2,0.14,9.8,1.15,pass
PARA-24-0134,2024-01-14,95.0,97.9,80.8,0.24,8.4,1.8,pass
PARA-24-0135,2024-01-14,93.0,100.1,94.1,0.15,10.7,2.16,pass
PARA-24-0136,2024-01-14,96.3,99.0,93.8,0.48,7.3,1.54,pass
PARA-24-0137,2024-01-14,95.2,99.4,84.8,0.32,10.7,1.46,pass
PARA-24-0138,2024-01-14,90.3,98.8,81.4,0.16,9.2,1.11,pass
PARA-24-0139,2024-01-14,93.1,99.3,92.4,0.15,7.9,1.58,pass
PARA-24-0140,2024-01-14,92.1,98.3,88.7,0.36,9.4,1.55,pass
PARA-24-0141,2024-01-15,96.8,99.0,81.3,0.3,6.8,1.74,pass
PARA-24-0142,2024-01-15,91.9,98.4,85.9,0.26,9.4,1.63,pass
PARA-24-0143,2024-01-15,98.2,97.1,86.6,0.51,7.5,1.9,pass
PARA-24-0144,2024-01-15,97.4,101.2,88.5,0.26,7.2,1.58,pass
PARA-24-0145,2024-01-15,97.2,99.4,86.1,0.24,11.9,1.34,pass
PARA-24-0146,2024-01-15,96.5,97.8,95.0,0.06,4.8,1.3,pass
PARA-24-0147,2024-01-15,95.4,96.5,81.6,0.33,7.6,1.46,pass
PARA-24-0148,2024-01-15,95.8,99.2,81.1,0.06,7.4,1.31,pass
PARA-24-0149,2024-01-15,92.0,101.3,82.0,0.3,8.7,1.3,pass
PARA-24-0150,2024-01-15,98.7,99.8,83.3,0.26,10.1,1.36,pass
PARA-24-0151,2024-01-16,91.1,100.7,86.5,0.54,6.2,0.9,pass
PARA-24-0152,2024-01-16,93.0,99.0,79.3,0.1,8.4,1.69,pass
PARA-24-0153,2024-01-16,95.0,100.4,85.2,0.34,10.6,1.28,pass
PARA-24-0154,2024-01-16,92.9,97.8,94.1,0.18,10.2,1.59,pass
PARA-24-0155,2024-01-16,92.5,98.2,91.1,0.28,9.6,1.24,pass
PARA-24-0156,2024-01-16,101.6,98.8,87.3,0.37,7.4,1.45,pass
PARA-24-0157,2024-01-16,96.0,97.9,74.0,0.27,5.6,1.78,pass
PARA-24-0158,2024-01-16,98.7,101.4,88.0,0.19,7.9,1.46,pass
PARA-24-0159,2024-01-16,96.0,100.3,86.2,0.42,7.8,1.88,pass
PARA-24-0160,2024-01-16,95.3,100.1,79.1,0.24,6.6,1.5,pass
PARA-24-0161,2024-01-17,94.1,98.1,75.2,0.24,8.5,1.64,pass
PARA-24-0162,2024-01-17,93.1,98.7,87.2,0.35,8.2,1.82,pass
PARA-24-0163,2024-01-17,93.8,99.4,84.9,0.29,8.4,1.32,pass
PARA-24-0164,2024-01-17,85.1,99.0,87.7,0.2,7.4,0.98,pass
PARA-24-0165,2024-01-17,93.8,100.2,79.8,0.26,7.7,1.4,pass
PARA-24-0166,2024-01-17,96.3,98.0,84.8,0.22,7.0,1.74,pass
PARA-24-0167,2024-01-17,88.5,98.1,91.9,0.32,10.9,1.92,pass
PARA-24-0168,2024-01-17,96.9,98.8,79.9,0.23,9.6,1.96,pass
PARA-24-0169,2024-01-17,92.2,100.2,78.8,0.31,9.5,1.31,pass
PARA-24-0170,2024-01-17,94.0,100.4,83.7,0.35,8.6,1.25,pass
PARA-24-0171,2024-01-18,92.3,98.0,81.9,0.27,8.8,1.68,pass
PARA-24-0172,2024-01-18,94.0,99.8,99.0,0.44,7.7,1.82,pass
PARA-24-0173,2024-01-18,96.9,98.3,76.5,0.17,6.9,1.6,pass
PARA-24-0174,2024-01-18,99.8,99.2,89.9,0.1,7.8,1.38,pass
PARA-24-0175,2024-01-18,95.7,99.4,91.0,0.38,7.6,1.48,pass
PARA-24-0176,2024-01-18,90.9,100.0,91.1,0.34,9.6,1.86,pass
PARA-24-0177,2024-01-18,96.9,98.4,88.5,0.38,7.3,1.39,pass
PARA-24-0178,2024-01-18,95.4,98.8,78.5,0.13,7.0,1.8,pass
PARA-24-0179,2024-01-18,98.7,98.8,87.9,0.41,11.0,1.41,pass
PARA-24-0180,2024-01-18,96.8,100.2,83.0,0.2,5.8,1.36,pass
PARA-24-0181,2024-01-19,93.3,98.3,78.8,0.4,8.7,1.19,pass
PARA-24-0182,2024-01-19,93.5,99.6,79.2,0.3,9.6,0.97,pass
PARA-24-0183,2024-01-19,93.1,99.9,90.1,0.31,10.2,1.39,pass
PARA-24-0184,2024-01-19,98.2,99.1,86.7,0.37,9.9,1.51,pass
PARA-24-0185,2024-01-19,91.7,99.7,83.6,0.34,7.8,1.2,pass
PARA-24-0186,2024-01-19,93.3,99.5,76.2,0.33,8.4,0.84,pass
PARA-24-0187,2024-01-19,96.6,97.6,87.4,0.46,8.7,1.21,pass
PARA-24-0188,2024-01-19,96.2,98.5,81.0,0.44,6.8,1.34,pass
PARA-24-0189,2024-01-19,93.6,98.6,83.3,0.3,6.7,1.46,pass
PARA-24-0190,2024-01-19,96.9,99.5,92.9,0.14,8.1,1.67,pass
PARA-24-0191,2024-01-20,92.3,99.0,81.9,0.47,10.2,1.5,pass
PARA-24-0192,2024-01-20,95.7,98.1,82.4,0.1,11.2,1.68,pass
PARA-24-0193,2024-01-20,98.0,99.5,94.5,0.48,9.5,0.99,pass
PARA-24-0194,2024-01-20,98.7,100.2,84.9,0.47,4.9,1.67,pass
PARA-24-0195,2024-01-20,98.3,99.2,87.9,0.18,10.2,1.46,pass
PARA-24-0196,2024-01-20,93.9,98.2,88.6,0.43,12.5,1.69,pass
PARA-24-0197,2024-01-20,92.7,98.9,94.9,0.25,11.0,1.11,pass
PARA-24-0198,2024-01-20,95.3,99.5,90.5,0.23,8.8,1.71,pass
PARA-24-0199,2024-01-20,98.9,100.2,90.1,0.3,8.5,1.17,pass
PARA-24-0200,2024-01-20,92.6,98.5,95.2,0.33,10.3,1.73,pass
PARA-24-0201,2024-01-21,104.3,97.6,86.1,0.28,6.1,1.13,pass
PARA-24-0202,2024-01-21,95.4,98.5,82.4,0.58,8.8,1.01,pass
PARA-24-0203,2024-01-21,96.1,98.0,84.2,0.44,7.3,1.63,pass
PARA-24-0204,2024-01-21,97.8,98.3,86.2,0.33,7.6,1.32,pass
PARA-24-0205,2024-01-21,96.1,99.9,79.1,0.22,10.2,0.92,pass
PARA-24-0206,2024-01-21,93.9,98.9,83.1,0.37,7.8,1.79,pass
PARA-24-0207,2024-01-21,99.3,99.0,84.9,0.34,11.9,1.57,pass
PARA-24-0208,2024-01-21,95.4,98.3,92.0,0.16,6.1,1.43,pass
PARA-24-0209,2024-01-21,91.5,98.8,83.9,0.26,6.7,1.89,pass
PARA-24-0210,2024-01-21,97.8,99.8,97.1,0.38,10.8,1.94,pass
PARA-24-0211,2024-01-22,96.0,100.1,91.5,0.38,9.5,1.12,pass
PARA-24-0212,2024-01-22,90.4,98.7,90.6,0.4,7.4,1.43,pass
PARA-24-0213,2024-01-22,96.9,98.7,81.0,0.31,11.1,1.76,pass
PARA-24-0214,2024-01-22,98.6,99.5,82.2,0.26,5.9,1.85,pass
PARA-24-0215,2024-01-22,96.1,98.3,80.3,0.31,6.4,2.18,pass
PARA-24-0216,2024-01-22,96.3,98.9,80.5,0.18,8.9,1.84,pass
PARA-24-0217,2024-01-22,95.0,100.4,88.0,0.45,7.2,1.57,pass
PARA-24-0218,2024-01-22,93.2,98.3,86.4,0.34,8.9,1.38,pass
PARA-24-0219,2024-01-22,96.3,99.9,83.9,0.35,10.2,1.5,pass
PARA-24-0220,2024-01-22,93.4,99.7,90.9,0.3,5.6,1.87,pass
PARA-24-0221,2024-01-23,90.6,99.7,83.1,0.22,8.8,2.0,pass
PARA-24-0222,2024-01-23,97.1,98.7,84.6,0.27,5.4,1.79,pass
PARA-24-0223,2024-01-23,99.0,98.9,82.6,0.27,7.5,1.74,pass
PARA-24-0224,2024-01-23,96.0,100.9,89.5,0.33,7.4,1.28,pass
PARA-24-0225,2024-01-23,91.4,98.6,83.9,0.27,9.8,1.57,pass
PARA-24-0226,2024-01-23,96.9,99.7,82.0,0.26,8.3,1.38,pass
PARA-24-0227,2024-01-23,89.6,100.3,87.9,0.14,8.3,1.32,pass
PARA-24-0228,2024-01-23,97.1,97.6,81.7,0.2,6.6,1.36,pass
PARA-24-0229,2024-01-23,94.5,97.7,91.3,0.32,8.2,1.22,pass
PARA-24-0230,2024-01-23,96.3,98.1,85.3,0.15,8.4,1.93,pass
PARA-24-0231,2024-01-24,94.6,98.9,90.6,0.2,7.8,1.58,pass
PARA-24-0232,2024-01-24,93.3,98.9,81.8,0.3,11.1,1.65,pass
PARA-24-0233,2024-01-24,92.5,99.7,86.7,0.23,8.3,1.74,pass
PARA-24-0234,2024-01-24,93.7,99.3,86.8,0.36,9.9,1.59,pass
PARA-24-0235,2024-01-24,98.0,99.6,84.9,0.25,9.7,1.79,pass
PARA-24-0236,2024-01-24,90.7,99.1,75.7,0.43,7.9,1.28,pass
PARA-24-0237,2024-01-24,99.7,99.8,79.2,0.5,10.5,1.74,pass
PARA-24-0238,2024-01-24,92.5,99.4,88.4,0.42,9.7,1.54,pass
PARA-24-0239,2024-01-24,99.1,98.9,86.1,0.29,8.4,1.57,pass
PARA-24-0240,2024-01-24,95.8,98.4,90.2,0.42,8.6,1.38,pass
PARA-24-0241,2024-01-25,101.9,99.8,89.8,0.21,8.1,1.45,pass
PARA-24-0242,2024-01-25,94.5,98.5,93.9,0.31,8.6,1.86,pass
PARA-24-0243,2024-01-25,96.0,100.2,84.7,0.41,7.9,1.34,pass
PARA-24-0244,2024-01-25,94.8,98.8,78.7,0.23,9.2,1.55,pass
PARA-24-0245,2024-01-25,93.9,100.7,82.8,0.28,7.9,1.47,pass
PARA-24-0246,2024-01-25,93.2,99.5,89.5,0.18,8.3,1.46,pass
PARA-24-0247,2024-01-25,97.9,97.9,82.8,0.4,8.9,1.48,pass
PARA-24-0248,2024-01-25,92.6,100.8,81.7,0.29,5.8,1.5,pass
PARA-24-0249,2024-01-25,95.6,98.9,100.1,0.42,7.0,1.76,pass
PARA-24-0250,2024-01-25,96.5,99.8,86.1,0.41,8.5,2.33,pass
PARA-24-0251,2024-01-26,89.5,99.0,78.7,0.15,10.8,1.15,pass
PARA-24-0252,2024-01-26,98.8,99.2,90.7,0.36,10.3,1.24,pass
PARA-24-0253,2024-01-26,97.5,99.5,91.5,0.27,7.0,1.35,pass
PARA-24-0254,2024-01-26,95.1,99.6,91.7,0.26,6.8,1.83,pass
PARA-24-0255,2024-01-26,95.4,99.5,80.5,0.25,9.1,1.3,pass
PARA-24-0256,2024-01-26,94.0,97.8,96.3,0.55,9.1,1.47,pass
PARA-24-0257,2024-01-26,101.1,98.1,87.5,0.42,9.0,1.45,pass
PARA-24-0258,2024-01-26,92.5,100.9,89.1,0.13,9.5,1.29,pass
PARA-24-0259,2024-01-26,92.2,99.6,95.5,0.21,9.5,1.4,pass
PARA-24-0260,2024-01-26,95.3,98.5,79.4,0.46,6.8,1.35,pass
PARA-24-0261,2024-01-27,93.0,98.7,82.3,0.45,6.1,1.85,pass
PARA-24-0262,2024-01-27,91.5,99.2,91.8,0.2,5.3,1.92,pass
PARA-24-0263,2024-01-27,93.4,99.0,92.5,0.32,8.0,1.45,pass
PARA-24-0264,2024-01-27,94.6,100.0,84.9,0.0,8.0,1.39,pass
PARA-24-0265,2024-01-27,102.8,97.7,99.6,0.21,7.0,1.8,pass
PARA-24-0266,2024-01-27,95.1,100.0,84.0,0.34,6.7,1.68,pass
PARA-24-0267,2024-01-27,91.2,97.9,92.0,0.23,10.5,1.13,pass
PARA-24-0268,2024-01-27,91.7,98.9,92.7,0.27,10.4,1.49,pass
PARA-24-0269,2024-01-27,91.1,100.0,79.9,0.26,7.6,1.43,pass
PARA-24-0270,2024-01-27,94.2,100.0,87.6,0.48,6.0,1.58,pass
PARA-24-0271,2024-01-28,94.2,98.8,84.8,0.29,9.1,1.21,pass
PARA-24-0272,2024-01-28,94.7,98.5,86.7,0.07,7.6,1.35,pass
PARA-24-0273,2024-01-28,92.2,99.6,95.5,0.42,7.7,1.3,pass
PARA-24-0274,2024-01-28,92.8,99.2,95.4,0.1,8.9,1.04,pass
PARA-24-0275,2024-01-28,96.1,99.3,82.7,0.33,6.1,1.46,pass
PARA-24-0276,2024-01-28,95.9,97.8,87.0,0.27,5.5,1.85,pass
PARA-24-0277,2024-01-28,98.3,98.3,87.0,0.25,8.9,1.36,pass
PARA-24-0278,2024-01-28,94.3,98.0,77.8,0.46,5.4,1.64,pass
PARA-24-0279,2024-01-28,96.2,99.4,90.5,0.43,8.0,1.83,pass
PARA-24-0280,2024-01-28,97.3,98.0,80.8,0.31,8.2,1.9,pass
PARA-24-0281,2024-01-29,92.0,99.2,98.1,0.36,8.1,1.88,pass
PARA-24-0282,2024-01-29,92.2,98.1,92.4,0.27,9.7,1.85,pass
PARA-24-0283,2024-01-29,100.7,99.4,84.4,0.13,6.7,2.14,pass
PARA-24-0284,2024-01-29,98.0,99.3,84.6,0.43,5.7,1.2,pass
PARA-24-0285,2024-01-29,90.6,98.0,86.1,0.4,3.9,1.17,pass
PARA-24-0286,2024-01-29,97.1,99.5,84.9,0.37,9.9,1.63,pass
PARA-24-0287,2024-01-29,92.6,98.7,90.7,0.42,7.6,1.86,pass
PARA-24-0288,2024-01-29,90.4,98.8,79.9,0.27,7.6,1.08,pass
PARA-24-0289,2024-01-29,98.4,98.9,89.5,0.08,9.6,1.48,pass
PARA-24-0290,2024-01-29,93.0,98.4,79.0,0.25,7.4,1.63,pass
PARA-24-0291,2024-01-30,91.6,98.5,89.6,0.21,9.2,1.87,pass
PARA-24-0292,2024-01-30,92.9,96.3,79.4,0.3,7.3,1.39,pass
PARA-24-0293,2024-01-30,98.1,97.5,77.6,0.3,6.7,1.83,pass
PARA-24-0294,2024-01-30,94.7,98.9,85.1,0.38,8.4,1.25,pass
PARA-24-0295,2024-01-30,92.3,99.0,92.7,0.31,6.3,1.9,pass
PARA-24-0296,2024-01-30,94.5,98.8,81.5,0.38,6.4,1.88,pass
PARA-24-0297,2024-01-30,99.6,98.1,85.1,0.21,5.1,1.05,pass
PARA-24-0298,2024-01-30,92.4,98.8,78.2,0.2,7.8,0.93,pass
PARA-24-0299,2024-01-30,93.5,100.5,94.5,0.41,8.8,1.94,pass
PARA-24-0300,2024-01-30,96.9,97.0,91.5,0.51,7.9,1.57,pass
PARA-24-0301,2024-01-31,99.2,98.9,99.4,0.19,5.9,1.76,pass
PARA-24-0302,2024-01-31,98.3,97.7,83.2,0.22,10.0,1.56,pass
PARA-24-0303,2024-01-31,92.8,99.0,89.7,0.37,8.4,1.75,pass
PARA-24-0304,2024-01-31,99.0,100.1,86.4,0.08,7.6,1.52,pass
PARA-24-0305,2024-01-31,91.5,99.1,91.2,0.51,7.7,1.14,pass
PARA-24-0306,2024-01-31,95.3,98.5,91.2,0.17,10.8,1.33,pass
PARA-24-0307,2024-01-31,98.2,100.2,95.1,0.34,7.8,1.5,pass
PARA-24-0308,2024-01-31,99.2,98.4,95.3,0.28,7.4,1.52,pass
PARA-24-0309,2024-01-31,90.6,98.8,84.9,0.42,6.4,2.09,pass
PARA-24-0310,2024-01-31,94.2,99.6,78.7,0.39,7.1,1.55,pass
PARA-24-0311,2024-02-01,96.4,99.6,80.4,0.31,6.6,1.48,pass
PARA-24-0312,2024-02-01,93.5,99.7,89.1,0.42,7.7,1.72,pass
PARA-24-0313,2024-02-01,98.7,99.6,80.7,0.39,9.5,1.75,pass
PARA-24-0314,2024-02-01,94.4,98.6,86.0,0.33,9.2,1.86,pass
PARA-24-0315,2024-02-01,90.2,98.0,86.9,0.17,6.6,2.01,pass
PARA-24-0316,2024-02-01,94.0,97.5,80.1,0.24,8.1,1.16,pass
PARA-24-0317,2024-02-01,98.7,100.3,94.2,0.25,5.1,1.63,pass
PARA-24-0318,2024-02-01,94.2,97.9,85.5,0.37,9.8,1.18,pass
PARA-24-0319,2024-02-01,97.6,98.5,77.9,0.16,9.0,0.9,pass
PARA-24-0320,2024-02-01,94.3,99.1,87.4,0.31,6.8,1.54,pass
PARA-24-0321,2024-02-02,95.5,97.6,97.9,0.33,9.5,1.01,pass
PARA-24-0322,2024-02-02,93.0,100.3,92.6,0.18,6.3,1.68,pass
PARA-24-0323,2024-02-02,92.3,98.1,88.5,0.28,6.0,1.96,pass
PARA-24-0324,2024-02-02,90.6,98.1,84.4,0.37,6.6,1.44,pass
PARA-24-0325,2024-02-02,94.4,98.7,86.7,0.25,5.3,1.53,pass
PARA-24-0326,2024-02-02,91.3,99.3,97.6,0.24,8.7,1.47,pass
PARA-24-0327,2024-02-02,99.3,100.2,82.3,0.2,5.1,1.52,pass
PARA-24-0328,2024-02-02,99.7,100.0,87.7,0.16,8.0,1.5,pass
PARA-24-0329,2024-02-02,96.0,99.5,74.1,0.28,6.8,1.41,pass
PARA-24-0330,2024-02-02,93.9,98.2,82.4,0.21,6.4,2.18,pass
PARA-24-0331,2024-02-03,87.2,100.1,84.0,0.34,13.9,1.54,pass
PARA-24-0332,2024-02-03,93.7,99.3,90.7,0.39,7.4,1.47,pass
PARA-24-0333,2024-02-03,93.4,97.2,78.7,0.45,9.0,1.34,pass
PARA-24-0334,2024-02-03,94.1,98.0,87.3,0.39,6.2,1.76,pass
PARA-24-0335,2024-02-03,93.2,98.0,95.2,0.39,11.4,1.24,pass
PARA-24-0336,2024-02-03,100.9,101.8,71.0,0.25,8.3,1.52,pass
PARA-24-0337,2024-02-03,94.4,97.9,75.2,0.42,10.5,1.72,pass
PARA-24-0338,2024-02-03,92.1,99.6,89.6,0.17,6.9,1.59,pass
PARA-24-0339,2024-02-03,91.2,98.9,89.8,0.33,9.1,1.88,pass
PARA-24-0340,2024-02-03,89.9,98.1,87.9,0.42,5.9,1.7,pass
PARA-24-0341,2024-02-04,89.4,101.1,88.3,0.24,9.7,1.72,pass
PARA-24-0342,2024-02-04,94.4,98.5,91.9,0.02,11.5,1.45,pass
PARA-24-0343,2024-02-04,93.8,99.1,89.1,0.27,4.8,1.59,pass
PARA-24-0344,2024-02-04,96.2,98.9,75.1,0.17,7.7,1.59,pass
PARA-24-0345,2024-02-04,92.1,100.4,88.0,0.32,4.8,1.59,pass
PARA-24-0346,2024-02-04,88.3,100.2,82.8,0.22,12.4,1.65,pass
PARA-24-0347,2024-02-04,95.0,97.4,83.2,0.29,6.8,1.53,pass
PARA-24-0348,2024-02-04,103.7,100.0,86.9,0.17,7.8,1.62,pass
PARA-24-0349,2024-02-04,89.1,98.9,84.0,0.35,7.2,2.08,pass
PARA-24-0350,2024-02-04,96.5,99.0,91.2,0.42,9.3,1.77,pass
PARA-24-0351,2024-02-05,95.8,98.3,95.0,0.19,9.2,0.93,pass
PARA-24-0352,2024-02-05,94.3,99.4,94.6,0.48,9.3,1.79,pass
PARA-24-0353,2024-02-05,100.1,98.9,95.5,0.41,7.1,1.34,pass
PARA-24-0354,2024-02-05,94.7,98.1,81.1,0.17,8.9,1.62,pass
PARA-24-0355,2024-02-05,93.0,99.5,83.3,0.13,6.1,1.44,pass
PARA-24-0356,2024-02-05,94.1,97.9,91.0,0.46,12.6,1.55,pass
PARA-24-0357,2024-02-05,90.7,99.5,90.0,0.26,12.3,1.67,pass
PARA-24-0358,2024-02-05,90.1,97.1,76.8,0.39,9.1,1.29,pass
PARA-24-0359,2024-02-05,94.9,99.5,84.2,0.22,8.5,1.01,pass
PARA-24-0360,2024-02-05,94.6,97.7,89.6,0.39,7.5,1.32,pass
PARA-24-0361,2024-02-06,90.7,98.6,85.8,0.29,8.8,1.58,pass
PARA-24-0362,2024-02-06,93.0,99.2,92.2,0.36,8.9,1.52,pass
PARA-24-0363,2024-02-06,99.1,98.4,89.9,0.09,6.0,1.14,pass
PARA-24-0364,2024-02-06,99.3,100.3,92.8,0.41,10.1,1.27,pass
PARA-24-0365,2024-02-06,101.2,98.6,81.8,0.23,3.4,1.65,pass
PARA-24-0366,2024-02-06,90.6,97.3,92.8,0.4,10.8,1.21,pass
PARA-24-0367,2024-02-06,94.2,99.5,101.0,0.38,6.7,1.68,pass
PARA-24-0368,2024-02-06,102.0,99.9,82.2,0.41,3.4,1.54,pass
PARA-24-0369,2024-02-06,93.6,98.6,83.6,0.3,8.2,1.29,pass
PARA-24-0370,2024-02-06,90.9,97.3,82.6,0.25,10.3,1.67,pass
PARA-24-0371,2024-02-07,95.0,100.1,80.1,0.27,5.0,0.96,pass
PARA-24-0372,2024-02-07,93.8,98.3,81.5,0.09,5.9,1.34,pass
PARA-24-0373,2024-02-07,98.2,98.6,88.5,0.38,8.7,0.98,pass
PARA-24-0374,2024-02-07,94.8,99.0,89.4,0.25,5.4,1.54,pass
PARA-24-0375,2024-02-07,97.6,98.6,93.3,0.21,4.6,0.94,pass
PARA-24-0376,2024-02-07,98.1,99.7,90.7,0.29,4.7,1.63,pass
PARA-24-0377,2024-02-07,93.9,98.5,88.6,0.32,9.1,1.93,pass
PARA-24-0378,2024-02-07,98.4,98.1,81.9,0.33,5.8,1.14,pass
PARA-24-0379,2024-02-07,96.3,99.5,82.6,0.17,7.3,1.51,pass
PARA-24-0380,2024-02-07,92.5,98.8,85.7,0.26,1.7,1.81,pass
PARA-24-0381,2024-02-08,96.0,99.1,88.4,0.27,10.7,1.87,pass
PARA-24-0382,2024-02-08,93.4,98.0,93.7,0.12,9.6,1.82,pass
PARA-24-0383,2024-02-08,95.7,98.9,89.3,0.41,3.6,1.62,pass
PARA-24-0384,2024-02-08,99.5,99.4,79.3,0.34,9.6,1.58,pass
PARA-24-0385,2024-02-08,95.9,97.9,81.6,0.42,8.4,1.37,pass
PARA-24-0386,2024-02-08,89.6,99.0,92.9,0.48,4.7,1.75,pass
PARA-24-0387,2024-02-08,99.5,98.8,80.0,0.54,7.0,1.43,pass
PARA-24-0388,2024-02-08,97.8,97.5,87.8,0.17,7.5,1.63,pass
PARA-24-0389,2024-02-08,97.0,99.8,94.4,0.18,3.8,1.76,pass
PARA-24-0390,2024-02-08,96.3,99.1,101.1,0.19,8.1,1.45,pass
PARA-24-0391,2024-02-09,94.7,99.0,88.1,0.34,5.6,0.99,pass
PARA-24-0392,2024-02-09,90.3,99.9,85.4,0.15,8.8,1.91,pass
PARA-24-0393,2024-02-09,91.9,98.9,82.2,0.25,9.2,1.54,pass
PARA-24-0394,2024-02-09,87.6,99.0,77.6,0.17,7.9,1.52,pass
PARA-24-0395,2024-02-09,95.1,99.5,86.7,0.29,5.8,1.89,pass
PARA-24-0396,2024-02-09,93.0,98.8,81.4,0.15,7.8,1.69,pass
PARA-24-0397,2024-02-09,96.3,97.5,89.9,0.28,9.3,1.9,pass
PARA-24-0398,2024-02-09,99.2,99.4,93.6,0.4,6.2,1.97,pass
PARA-24-0399,2024-02-09,95.0,98.7,78.0,0.07,9.6,1.97,pass
PARA-24-0400,2024-02-09,93.5,99.0,90.6,0.2,6.5,1.35,pass
PARA-24-0401,2024-02-10,96.4,100.4,80.4,0.45,7.6,1.62,pass
PARA-24-0402,2024-02-10,94.5,97.0,88.9,0.35,5.7,1.56,pass
PARA-24-0403,2024-02-10,96.3,98.6,85.5,0.25,7.2,1.61,pass
PARA-24-0404,2024-02-10,94.2,97.6,83.8,0.29,10.1,1.83,pass
PARA-24-0405,2024-02-10,96.5,99.2,85.9,0.21,8.9,1.74,pass
PARA-24-0406,2024-02-10,98.1,98.1,89.3,0.16,7.1,1.38,pass
PARA-24-0407,2024-02-10,100.8,98.6,95.6,0.4,1.4,1.57,pass
PARA-24-0408,2024-02-10,90.2,98.0,81.1,0.46,7.9,1.28,pass
PARA-24-0409,2024-02-10,93.2,100.2,80.5,0.22,9.5,1.82,pass
PARA-24-0410,2024-02-10,103.4,99.1,87.2,0.33,8.1,1.42,pass
PARA-24-0411,2024-02-11,91.6,98.8,86.2,0.12,6.6,1.57,pass
PARA-24-0412,2024-02-11,94.6,98.9,90.5,0.06,9.1,1.69,pass
PARA-24-0413,2024-02-11,94.2,98.7,79.6,0.31,6.9,0.93,pass
PARA-24-0414,2024-02-11,95.0,98.8,80.9,0.35,9.4,1.28,pass
PARA-24-0415,2024-02-11,95.7,98.1,80.6,0.33,8.5,1.41,pass
PARA-24-0416,2024-02-11,97.1,98.4,91.7,0.32,7.4,2.22,pass
PARA-24-0417,2024-02-11,89.9,98.5,77.7,0.26,10.4,1.17,pass
PARA-24-0418,2024-02-11,101.8,99.8,89.1,0.11,9.5,1.68,pass
PARA-24-0419,2024-02-11,92.9,98.4,92.1,0.41,10.9,1.69,pass
PARA-24-0420,2024-02-11,97.4,101.7,92.8,0.35,3.3,1.6,pass
PARA-24-0421,2024-02-12,88.4,97.8,90.3,0.46,8.3,1.78,pass
PARA-24-0422,2024-02-12,94.5,100.5,90.0,0.34,6.7,1.79,pass
PARA-24-0423,2024-02-12,93.5,98.9,87.1,0.15,6.4,1.45,pass
PARA-24-0424,2024-02-12,91.1,97.8,80.2,0.24,8.7,1.46,pass
PARA-24-0425,2024-02-12,97.6,98.3,92.7,0.4,6.8,2.23,pass
PARA-24-0426,2024-02-12,96.9,99.5,82.0,0.19,9.7,1.24,pass
PARA-24-0427,2024-02-12,93.3,98.4,93.3,0.28,9.2,1.7,pass
PARA-24-0428,2024-02-12,90.9,99.5,86.1,0.33,9.0,1.34,pass
PARA-24-0429,2024-02-12,99.1,98.5,88.9,0.35,6.9,1.29,pass
PARA-24-0430,2024-02-12,91.1,98.1,84.8,0.21,7.6,1.65,pass
PARA-24-0431,2024-02-13,95.5,98.4,81.0,0.41,11.4,1.41,pass
PARA-24-0432,2024-02-13,97.7,99.3,82.5,0.32,10.8,1.28,pass
PARA-24-0433,2024-02-13,93.2,101.6,83.7,0.17,7.4,1.35,pass
PARA-24-0434,2024-02-13,95.1,99.3,94.0,0.35,7.9,1.69,pass
PARA-24-0435,2024-02-13,94.3,98.9,76.5,0.38,6.3,1.77,pass
PARA-24-0436,2024-02-13,96.3,99.7,91.2,0.25,6.9,1.5,pass
PARA-24-0437,2024-02-13,92.5,99.2,92.8,0.3,9.8,1.46,pass
PARA-24-0438,2024-02-13,94.1,97.9,82.5,0.53,10.6,1.45,pass
PARA-24-0439,2024-02-13,97.3,100.0,88.9,0.24,6.8,1.05,pass
PARA-24-0440,2024-02-13,96.3,98.7,90.2,0.27,4.9,1.83,pass
PARA-24-0441,2024-02-14,93.8,99.1,84.1,0.35,6.8,1.39,pass
PARA-24-0442,2024-02-14,97.2,98.7,86.9,0.32,5.2,1.65,pass
PARA-24-0443,2024-02-14,98.1,99.6,84.9,0.38,4.2,1.06,pass
PARA-24-0444,2024-02-14,97.4,98.5,103.8,0.46,6.7,1.71,pass
PARA-24-0445,2024-02-14,94.4,99.9,81.8,0.27,10.8,1.75,pass
PARA-24-0446,2024-02-14,86.2,100.1,102.7,0.22,9.8,0.75,pass
PARA-24-0447,2024-02-14,89.3,100.0,89.1,0.4,9.2,1.61,pass
PARA-24-0448,2024-02-14,89.0,99.3,82.7,0.3,11.3,1.37,pass
PARA-24-0449,2024-02-14,97.6,99.5,90.5,0.25,5.0,1.34,pass
PARA-24-0450,2024-02-14,95.1,98.5,88.4,0.39,7.4,1.47,pass
PARA-24-0451,2024-02-15,97.6,97.3,74.3,0.42,7.5,1.52,pass
PARA-24-0452,2024-02-15,97.3,99.0,93.5,0.25,5.1,1.58,pass
PARA-24-0453,2024-02-15,97.4,98.4,96.7,0.31,8.0,1.65,pass
PARA-24-0454,2024-02-15,93.4,102.2,85.1,0.37,5.7,1.31,pass
PARA-24-0455,2024-02-15,97.9,98.0,92.1,0.32,9.8,1.75,pass
PARA-24-0456,2024-02-15,89.8,98.1,86.9,0.33,6.3,2.06,pass
PARA-24-0457,2024-02-15,96.2,99.4,88.3,0.4,9.6,1.35,pass
PARA-24-0458,2024-02-15,94.1,100.2,86.5,0.25,8.1,1.31,pass
PARA-24-0459,2024-02-15,99.2,99.9,82.6,0.24,9.4,1.1,pass
PARA-24-0460,2024-02-15,93.6,100.4,85.5,0.26,4.7,1.23,pass
PARA-24-0461,2024-02-16,98.6,99.1,88.1,0.38,5.6,2.06,pass
PARA-24-0462,2024-02-16,96.4,99.3,87.5,0.36,10.2,1.25,pass
PARA-24-0463,2024-02-16,96.8,97.9,78.7,0.27,8.0,1.35,pass
PARA-24-0464,2024-02-16,93.8,99.1,94.1,0.09,6.3,1.53,pass
PARA-24-0465,2024-02-16,91.4,100.4,94.1,0.21,8.2,1.23,pass
PARA-24-0466,2024-02-16,94.8,98.8,82.2,0.23,8.7,1.37,pass
PARA-24-0467,2024-02-16,95.2,99.5,89.7,0.33,6.7,1.01,pass
PARA-24-0468,2024-02-16,99.6,99.8,77.6,0.27,10.8,1.83,pass
PARA-24-0469,2024-02-16,94.0,99.0,92.7,0.35,10.7,1.68,pass
PARA-24-0470,2024-02-16,95.1,97.3,96.9,0.27,9.0,1.39,pass
PARA-24-0471,2024-02-17,94.2,99.4,95.0,0.1,9.8,1.41,pass
PARA-24-0472,2024-02-17,96.9,100.0,84.5,0.23,7.2,1.44,pass
PARA-24-0473,2024-02-17,94.6,98.9,88.2,0.36,7.1,2.13,pass
PARA-24-0474,2024-02-17,87.1,98.4,92.0,0.34,4.9,1.49,pass
PARA-24-0475,2024-02-17,92.3,100.0,83.9,0.39,8.8,1.75,pass
PARA-24-0476,2024-02-17,93.5,99.5,93.5,0.35,9.0,1.49,pass
PARA-24-0477,2024-02-17,96.2,99.3,87.8,0.14,7.5,1.47,pass
PARA-24-0478,2024-02-17,94.3,99.4,78.4,0.43,5.9,2.26,pass
PARA-24-0479,2024-02-17,91.4,99.4,75.4,0.49,8.3,1.61,pass
PARA-24-0480,2024-02-17,96.8,98.0,82.4,0.24,10.3,1.5,pass
PARA-24-0481,2024-02-18,97.5,99.7,90.0,0.26,9.3,1.74,pass
PARA-24-0482,2024-02-18,93.8,98.8,88.2,0.18,13.0,1.82,pass
PARA-24-0483,2024-02-18,92.9,100.1,88.4,0.3,9.7,1.09,pass
PARA-24-0484,2024-02-18,94.2,100.6,84.9,0.26,8.7,1.08,pass
PARA-24-0485,2024-02-18,92.2,99.7,76.4,0.24,6.4,1.52,pass
PARA-24-0486,2024-02-18,95.2,98.5,94.4,0.42,7.3,1.38,pass
PARA-24-0487,2024-02-18,95.8,99.2,84.5,0.36,9.9,1.45,pass
PARA-24-0488,2024-02-18,94.3,98.5,78.4,0.27,11.0,1.73,pass
PARA-24-0489,2024-02-18,95.6,97.2,98.0,0.44,6.4,1.51,pass
PARA-24-0490,2024-02-18,91.7,100.6,82.2,0.23,10.1,1.56,pass
PARA-24-0491,2024-02-19,97.5,98.5,78.2,0.39,7.5,1.52,pass
PARA-24-0492,2024-02-19,89.4,98.3,84.4,0.45,6.9,1.51,pass
PARA-24-0493,2024-02-19,94.3,97.9,79.8,0.4,6.4,1.11,pass
PARA-24-0494,2024-02-19,91.9,98.5,89.3,0.21,6.2,1.72,pass
PARA-24-0495,2024-02-19,99.1,98.7,88.3,0.52,7.8,1.56,pass
PARA-24-0496,2024-02-19,100.5,99.5,85.4,0.43,12.2,1.61,pass
PARA-24-0497,2024-02-19,94.3,99.4,83.9,0.38,6.3,1.86,pass
PARA-24-0498,2024-02-19,95.1,100.4,84.4,0.18,9.6,1.6,pass
PARA-24-0499,2024-02-19,94.7,99.2,79.8,0.4,9.7,1.21,pass
PARA-24-0500,2024-02-19,96.9,98.5,82.4,0.17,9.9,1.47,pass
